HHID,HH size,Socialgroup,Religion,HHclassification,Land owned (hectares),Land possessed (hectares),Total monthly consumption expenditure (INR),Monthly income from non farm activity (INR),Monthly income from wage employment (INR),Monthly income from farming of animals (INR),Monthly income from crop production (INR),Total Monthly Income (INR),Frequency weight
72500201,4,9,4,7,0.126,0.126,13000,0,10000,6733.333,6393.75,23127.08,1664
72500202,5,3,1,7,0.012,0.012,9500,0,6666.667,3966.667,0,10633.33,1664
72500301,5,9,1,6,0.429,0.429,22000,0,40833.33,0,7941.667,48775,1152
72500302,8,9,4,1,0.842,0.842,18750,0,0,10966.67,6522.5,17489.17,1152
72500401,8,9,4,1,13.649,13.649,28400,0,0,-300,138274.3,137974.3,448
72500402,7,9,4,1,1.255,1.255,28000,0,0,6133.333,7879.167,14012.5,448
72500501,9,9,4,1,13.871,13.871,36000,0,0,4066.667,138930.8,142997.5,1984
72500502,9,9,4,1,8.141,8.141,40000,0,0,3816.667,86483.34,90300,1984
72501201,4,9,4,7,0.024,0.024,12000,0,4166.667,4733.333,-7.5,8892.5,516
72501202,5,2,4,4,0.113,0.113,16000,0,0,2433.333,591.6667,3025,516
72501301,5,2,4,1,0.64,0.64,13800,0,0,5066.667,7908.667,12975.33,123
72501302,5,3,4,1,0.689,0.689,13000,0,0,5083.333,6431.833,11515.17,123
72501401,9,9,1,1,1.62,1.62,25000,0,0,7500,15306.67,22806.67,53
72501402,7,3,4,1,1.559,1.559,25000,0,2000,1583.333,8874.583,12457.92,53
72501501,3,9,4,4,0.174,0.174,13400,0,27500,4466.667,408.1667,32374.83,105
72501502,6,9,4,1,2.632,2.632,18000,0,0,5466.667,34366.5,39833.17,105
72502201,5,9,4,1,0.227,0.227,12833,0,0,6100,562.5,6662.5,4598
72502202,5,2,4,8,0.024,0.024,10000,0,2500,6416.667,0,8916.666,4598
72502301,4,9,4,3,0.429,0.429,16500,0,0,17800,3922.5,21722.5,5808
72502302,8,9,4,1,0.83,0.83,23400,0,5333.333,4080,10552.5,19965.83,5808
72502401,4,9,4,1,1.247,1.247,16500,0,0,9000,14458.33,23458.33,1694
72502402,3,2,4,1,0,1.624,8333,0,0,0,17560.83,17560.83,1694
72502501,7,9,4,1,2.057,4.082,22000,0,0,8733.333,57737.5,66470.84,3388
72502502,8,9,4,1,2.057,3.677,15667,0,0,6660,48235.42,54895.42,3388
72503201,14,2,4,5,0.032,0.032,29000,0,54416.67,1133.333,0,55550,6216
72503202,5,9,4,6,0.041,0.041,26467,0,90000,2016.667,0,92016.66,6216
72503301,4,3,4,1,0.846,0.846,11900,0,0,3050,13633.75,16683.75,2005
72503302,7,3,4,6,0.64,0.64,21500,0,33333.33,6500,10799.25,50632.58,2005
72503401,9,9,4,4,1.243,1.243,20667,6666.667,0,0,15371.17,22037.83,1203
72503402,5,9,4,1,1.045,1.045,20000,0,0,0,11983.75,11983.75,1203
72503501,3,9,4,1,2.061,2.061,14667,0,45000,0,36071.92,81071.92,2607
72503502,8,9,4,1,1.895,8.375,32167,0,0,14466.67,52951.67,67418.34,2607
72504201,5,2,4,7,0.012,0.012,7350,0,7750,3900,0,11650,4494
72504202,5,2,4,7,0.012,0.012,7675,0,7416.667,970,0,8386.666,4494
72504302,6,9,4,1,1.268,1.268,12000,0,0,10000,11479.58,21479.58,1672
72504402,3,9,4,1,1.268,1.268,12000,0,0,2266.667,9748.333,12015,1881
72504501,4,9,4,1,0.441,0.441,16000,0,0,4200,5450.667,9650.666,3658
72504502,5,9,4,1,5.747,5.747,17000,0,0,7166.667,49922,57088.67,3658
72505201,4,2,4,7,0.024,0.024,10500,0,18875,3600,0,22475,58
72505202,2,2,4,1,0.012,0.012,6950,0,4666.667,1336.667,0,6003.333,58
72505301,5,2,4,1,0.024,0.834,19450,0,0,4166.667,5873.833,10040.5,15
72505302,4,2,4,1,0.425,0.425,11508,0,0,3950,3973.667,7923.667,15
72505401,4,9,4,1,1.26,1.26,21167,0,0,15600,10023.75,25623.75,18
72505402,4,9,4,1,1.669,1.669,17000,0,0,30066.67,12753.33,42820,18
72505403,2,2,4,1,1.669,1.669,8500,0,0,5466.667,10745,16211.67,18
72505404,2,2,4,1,1.251,1.251,8000,0,0,4700,9701.5,14401.5,18
72506101,4,2,4,7,0.012,0.012,10000,0,13766.67,753.3333,0,14520,15889
72506201,4,2,4,7,0.02,0.02,6042,0,12408.33,166.6667,0,12575,2209
72506202,4,2,4,7,0.012,0.012,8092,0,8883.333,-190,0,8693.333,2209
72506301,4,9,4,1,0.842,0.842,8100,0,5000,-793.3333,8527.333,12734,143
72506302,4,9,4,1,0.85,0.85,16800,0,0,4150,6062,10212,143
72506401,7,9,4,1,1.166,3.191,26633,0,0,12000,20305.17,32305.17,143
72506501,3,9,4,1,5.342,9.392,25917,0,0,10533.33,58619.17,69152.5,143
72506502,6,9,4,1,3.317,9.392,30000,866.6667,0,3023.333,62345.42,66235.42,143
72507201,7,2,1,5,0.061,0.061,21500,0,29000,8666.667,0,37666.67,32
72507202,4,9,4,2,0.101,0.101,24367,0,0,21196.67,0,21196.67,32
72507501,7,9,4,1,10.174,16.249,31250,0,0,48800,224979.3,273779.3,32
72507502,8,9,4,1,2.884,4.099,34975,0,0,20050,55637,75687,32
72507503,6,9,4,1,3.086,5.719,32417,0,0,15416.67,72878.75,88295.41,32
72507504,5,9,4,1,28.451,28.451,32583,0,0,52533.33,416053.4,468586.8,32
72507505,4,9,4,1,4.961,4.961,23083,0,0,17860,77725,95585,32
72508201,4,2,4,7,0.012,0.012,12550,0,8750,950,0,9700,13681
72508202,4,2,4,4,0.053,0.053,8700,10000,0,2766.667,0,12766.67,13681
72508301,8,2,4,4,0.279,0.279,16000,9666.667,0,0,2812.5,12479.17,2202
72508302,7,2,4,7,0.68,0.68,19650,0,17500,7966.667,7176.5,32643.17,2202
72508401,11,2,4,1,1.045,1.045,25500,0,0,6900,15140.75,22040.75,786
72508402,6,2,4,1,1.239,1.239,24500,0,0,0,14828,14828,786
72508501,7,2,4,1,0.842,3.677,20917,0,0,9233.333,18354.5,27587.83,1415
72508502,3,2,4,1,0.02,2.045,13950,0,0,8000,5871.833,13871.83,1415
72509201,4,9,1,6,0.041,0.041,10000,0,0,0,0,0,73
72509301,4,9,4,1,0.838,0.838,18000,0,0,0,8800,8800,73
72509302,2,9,4,1,0.83,0.83,6000,0,0,2500,9186.667,11686.67,73
72509303,3,9,4,1,0.425,0.425,11000,666.6667,0,0,4540,5206.667,73
72509304,8,9,4,1,0.85,0.85,22000,0,0,3533.333,9478,13011.33,73
72509401,4,9,4,1,1.66,1.66,12042,0,0,5200,24827.42,30027.42,73
72509402,5,9,4,1,1.247,1.247,15000,0,0,0,13711.67,13711.67,73
72509501,6,9,4,1,6.115,6.115,23525,0,0,7966.667,76533.34,84500,73
72510201,4,2,4,7,0.024,0.024,10000,0,6500,3866.667,0,10366.67,2397
72510202,5,9,4,9,4.536,0.182,15000,0,10000,1536.667,4283.333,65195,2397
72510301,3,9,4,1,0.842,0.842,9000,0,0,0,8628.333,8628.333,1551
72510302,5,3,4,1,0.425,0.425,10200,0,0,0,7305.833,7305.833,1551
72510401,7,9,4,1,1.255,1.255,22700,0,0,6263.333,22266,28529.33,1786
72510402,4,3,4,1,1.045,1.045,13500,0,0,5283.333,18810.67,24094,1786
72510501,4,9,1,1,2.867,2.867,22800,0,0,0,49334.17,49334.17,1974
72510502,7,9,2,1,2.491,3.301,30000,0,13500,5836.667,34616.67,53953.34,1974
72511201,7,2,4,8,0.203,0.203,14000,0,13333.33,6866.667,400,20600,105
72511301,3,2,4,2,0.336,0.336,9000,0,6666.667,8200,11175,26041.67,53
72511302,3,9,4,8,0.81,0.81,8000,0,1208.333,0,4675,5883.333,53
72511401,4,9,4,8,1.316,1.316,10000,0,1000,0,14541.67,15541.67,44
72511402,3,9,1,1,1.264,1.264,10000,0,1000,19683.33,18008.33,38691.67,44
72511501,6,9,4,1,3.321,3.321,15000,0,1333.333,26866.67,42916.67,71116.67,131
72511502,2,9,4,1,2.049,2.049,8000,0,833.3333,10533.33,23766.25,35132.91,131
72512201,4,2,4,2,0.036,0.036,19800,0,1333.333,4433.333,0,5766.667,2662
72512202,2,2,4,6,0.053,0.053,10000,0,1333.333,6400,0,7733.333,2662
72512301,5,9,4,8,0.433,0.433,12500,0,4750,2700,7179.167,14629.17,968
72512302,5,9,4,1,0.437,0.437,20000,0,0,0,7179.167,7179.167,968
72512501,7,9,4,1,2.053,0.028,28000,0,0,7166.667,22095.83,41762.5,1210
72512502,4,9,4,1,2.875,2.875,30000,0,0,14333.33,40111.67,54445,1210
72512503,6,9,4,1,2.114,0.089,30000,0,0,44033.33,12990.42,68690.41,1210
72512504,1,9,4,1,2.061,2.061,10000,0,0,0,36177.5,36177.5,1210
72513201,5,9,4,7,0.041,0.041,15000,0,9166.667,1440,0,10606.67,11028
72513202,4,2,4,7,0.016,0.016,10200,0,22500,2033.333,0,24533.33,11028
72513301,5,9,4,1,0.863,0.863,16833,0,0,6133.333,11889.83,18023.17,2206
72513302,3,9,4,1,0.911,0.911,13167,0,0,2573.333,11983.58,14556.92,2206
72513401,4,9,4,1,1.243,1.243,18450,0,0,0,14182.17,14182.17,2005
72513402,5,9,4,1,0.855,0.855,20033,0,0,2866.667,11205.92,14072.58,2005
72513501,6,9,4,1,4.961,5.771,29167,0,0,34733.33,52121.67,86855,4411
72513502,9,9,4,1,7.088,7.088,45333,0,0,0,75484.59,75484.59,4411
72514201,8,2,4,8,0.032,0.032,21900,7066.667,6666.667,2500,0,16233.33,2368
72514202,4,3,4,2,2.519,0.138,16000,0,0,3350,760,25776.67,2368
72514301,3,9,4,1,0.705,0.705,14500,7666.667,0,7283.333,7728.333,22678.33,576
72514302,5,3,4,1,0.02,0.83,15000,0,5000,2373.333,6946.667,14320,576
72514401,8,9,4,1,1.652,1.652,8000,0,10000,4900,10953.5,25853.5,192
72514402,5,3,4,4,0.964,0.964,20500,4300,12000,4533.333,13355,34188.34,192
72514501,3,9,4,1,2.689,6.739,21000,0,0,4866.667,52739.5,57606.17,896
72514502,8,9,4,1,2.483,2.483,29917,0,7000,6633.333,33730.42,47363.75,896
72515201,6,2,4,7,0.012,0.012,12400,4166.667,9583.333,-3300,0,10450,6762
72515202,5,2,4,7,0.024,0.024,12000,0,10166.67,2533.333,0,12700,6762
72515301,3,9,4,1,0.867,0.867,16300,0,0,4716.667,11330.17,16046.83,1573
72515302,4,9,4,1,0.417,0.417,11633,0,0,0,6357.5,6357.5,1573
72515401,4,9,4,1,1.292,1.292,21350,0,0,1266.667,17889.17,19155.83,1887
72515402,3,9,4,1,1.073,1.073,15250,0,0,1466.667,13654,15120.67,1887
72515501,5,9,4,1,3.094,3.094,20500,0,0,20533.33,42506.92,63040.25,4246
72515502,5,9,4,1,3.686,3.686,27200,0,0,7966.667,43605,51571.67,4246
72516302,7,2,1,1,1.041,1.041,26250,0,0,7566.667,7242.25,14808.92,238
72516303,4,9,4,1,1.247,1.247,15800,0,833.3333,9116.667,11046.67,20996.67,238
72516401,4,9,1,1,1.669,1.669,20000,0,0,12500,19682.5,32182.5,570
72516402,4,9,4,1,1.64,1.64,15000,0,0,7700,15183.33,22883.33,570
72516502,6,9,4,1,0.85,2.066,18000,0,0,7483.333,9606.083,17089.42,1639
72518201,6,2,4,8,0.028,0.028,14217,9600,25833.33,696.6667,0,36130,3867
72518202,3,2,4,7,0.012,0.012,9000,0,7083.333,860,0,7943.333,3867
72518301,3,9,1,1,0.834,1.644,14117,5333.333,0,1763.333,7659.333,14756,732
72518302,6,9,4,1,1.863,1.539,10000,0,0,3450,2421.333,11079.67,732
72518402,5,9,4,1,1.863,1.863,15000,0,0,1200,11469.17,12669.17,836
72518501,5,9,4,1,4.151,4.151,19083,0,0,3783.333,71993.34,75776.67,5225
72518502,4,9,4,4,4.475,0.223,19600,0,0,100,24.16667,93457.5,5225
72519201,6,9,4,1,0.235,0.235,12000,0,16666.67,4066.667,2413.667,23147,92
72519202,4,2,4,7,0.081,0.081,14500,0,15000,3766.667,0,18766.67,92
72519301,3,9,4,1,0.875,0.875,9000,0,0,2583.333,11121.67,13705,230
72519302,4,9,4,1,0.68,0.68,8500,0,0,3500,8724.333,12224.33,230
72519401,6,9,1,1,1.106,1.106,8500,0,0,6500,12054.58,18554.58,138
72519402,5,9,4,1,1.822,1.822,18000,0,0,4233.333,26340.83,30574.17,138
72519501,4,9,4,1,2.349,2.349,15000,0,0,3133.333,23070.83,26204.17,1058
72519502,6,2,4,1,2.268,2.268,21750,0,0,5500,32232.08,37732.09,1058
72520201,4,9,4,1,0.514,0.514,15000,0,6666.667,2100,5595.833,14362.5,130
72520202,2,9,4,1,0.45,0.45,8100,0,10166.67,3616.667,2298.333,16081.67,130
72520301,9,9,4,5,1.187,1.187,32200,0,15250,1203.333,5433.75,21887.08,52
72520401,4,9,4,1,1.418,1.62,24500,0,5916.667,4666.667,1973.333,12556.67,286
72520403,3,9,4,6,1.162,1.162,25000,0,40000,0,4300,44300,286
72520501,4,9,4,1,0.952,2.726,30000,0,0,2353.333,16270.83,18624.17,234
72520502,3,2,1,1,0.024,4.074,14900,0,7750,1883.333,891.6667,10525,234
72521201,4,2,4,1,0.012,4.872,16000,0,0,6986.667,47908.33,54895,5292
72521202,6,9,4,1,0.016,0.219,20000,0,0,0,1883.333,1883.333,5292
72521301,4,9,4,1,0.826,0.826,25000,0,0,2016.667,7534.333,9551,4190
72521302,9,9,4,1,0.154,0.178,25250,0,40833.33,7150,1977.083,49960.41,4190
72521401,6,9,4,1,1.231,1.231,20167,0,7000,4666.667,15822.5,27489.17,4851
72521402,5,9,4,1,1.029,1.029,17500,0,0,4766.667,10304.17,15070.83,4851
72521501,5,9,4,1,2.086,2.086,25000,0,0,3250,21442.58,24692.58,1323
72521502,9,9,4,1,3.924,3.924,35500,0,0,14386.67,79653.66,94040.33,1323
72523301,6,9,4,1,1.049,1.049,20000,0,1250,1066.667,2913.333,5230,2138
72523302,9,9,4,6,0.616,2.641,35317,0,3833.333,0,19511.67,23345,2138
72523402,9,9,4,1,2.037,2.037,25583,0,3666.667,4333.333,9330,17330,1026
72523501,7,3,4,4,4.086,4.086,40000,0,0,-466.6667,198925,198458.3,1796
72523502,5,9,4,1,0.008,1.628,15000,15000,1000,0,10184.33,26184.33,1796
72524201,3,9,4,9,1.255,0.04,21500,0,0,1383.333,0,8883.333,4361
72524202,6,2,1,2,0.073,0.073,26000,0,5000,7266.667,706.25,12972.92,4361
72524301,2,9,4,1,0.632,0.632,12500,0,0,333.3333,12691.67,13025,1745
72524302,4,9,4,1,0.624,0.624,15600,0,3333.333,373.3333,8522.917,12229.58,1745
72524401,2,9,4,1,1.442,0.429,22500,0,0,4873.333,1358.333,12898.33,3489
72524402,5,9,4,1,1.438,1.438,26600,0,0,7996.667,20300,28296.67,3489
72524501,4,9,4,5,1.904,12.434,25500,0,46333.33,8700,688.3333,55721.66,5815
72524502,7,9,4,1,1.268,7.343,28167,0,0,20183.33,56935,77118.34,5815
72525101,4,9,4,1,0.608,0.608,9750,0,0,3663.333,11865.83,15529.17,323
72525301,3,9,4,1,0.834,0.834,9750,0,0,5133.333,9300.833,14434.17,81
72525302,6,9,4,1,0.834,0.834,7667,0,0,2640,9625,12265,81
72525304,3,9,4,1,0.644,0.644,10250,0,0,3893.333,15795.83,19689.17,81
72525402,4,9,4,1,0.632,0.632,10250,0,2083.333,2873.333,15991.67,20948.33,774
72525501,4,9,4,1,4.475,4.475,15417,0,0,3686.667,43973.08,47659.75,323
72525502,6,9,4,6,2.43,2.43,19083,0,41666.67,11866.67,33823.33,87356.67,323
72526201,4,2,1,8,0.008,0.012,6800,0,5750,3150,0,8900,137
72526202,5,2,1,4,0.008,0.008,13500,0,9750,333.3333,0,10083.33,137
72526203,5,2,1,6,0.016,0.016,16700,0,10083.33,1046.667,0,11130,137
72526204,4,2,1,9,0.012,0.012,9700,0,1950,2456.667,0,4406.667,137
72526205,4,2,1,6,0.02,0.02,11000,0,20916.67,4293.333,0,25210,137
72526206,5,2,1,8,0.008,0.008,7700,0,7833.333,2023.333,0,9856.667,137
72526207,4,2,1,2,0.016,0.016,6000,0,6341.667,-183.3333,0,6158.333,137
72526208,6,2,1,2,0.016,0.016,12600,0,6750,1966.667,0,8716.667,137
72527201,5,3,4,8,0.47,0.47,13000,0,22333.33,1783.333,3415.75,27532.42,392
72527202,3,3,4,4,0.166,0.166,11000,5333.333,0,0,483.3333,5816.667,392
72527301,7,3,4,4,0.822,0.822,18200,0,0,6633.333,8895.833,15529.17,196
72527302,4,3,4,4,0.336,0.336,14000,77333.34,0,0,867.3333,78200.67,196
72527303,5,3,4,1,2.847,2.847,16717,0,0,4400,22540,26940,196
72527401,4,3,4,6,1.227,1.227,13000,0,15833.33,3500,4574.583,23907.92,98
72527402,7,9,4,1,0.62,1.025,21000,0,0,2000,7025.167,9025.166,98
72527501,5,3,4,6,2.442,2.442,16500,0,200000,0,13900,213900,98
72528501,5,9,4,1,3.293,3.293,24000,0,0,9280,4433.333,13713.33,147
72528502,4,3,4,1,0.616,6.083,23500,0,0,5350,4791.667,10141.67,147
72529101,7,2,4,8,0.016,0.016,12000,0,9583.333,-1900,0,7683.333,22464
72529201,3,9,4,8,0.316,0.316,15367,0,15000,1983.333,4055,21038.33,8352
72529301,2,9,1,1,0.859,2.479,19200,0,0,5966.667,26390.17,32356.83,1584
72529302,8,3,2,1,0.83,1.843,25250,0,0,3566.667,19570.83,23137.5,1584
72529401,11,9,1,4,0.859,0.859,25000,66666.66,16666.67,4433.333,9280.833,97047.5,1440
72529501,6,9,4,1,0.454,0.867,21850,0,0,1200,7317.5,8517.5,3888
72529502,5,9,4,1,2.074,6.124,24583,0,0,37706.67,45683.33,83390,3888
72530201,6,3,4,2,0.024,0.024,12500,0,0,6383.333,0,6383.333,1075
72530202,5,3,4,6,0.012,0.012,11500,0,1666.667,5410,0,7076.667,1075
72530301,2,9,4,1,0.749,0.749,9917,0,0,7040,7929.167,14969.17,3531
72530302,7,9,4,1,0.437,0.437,20667,0,7500,6966.667,4783.333,19250,3531
72530401,5,9,4,1,1.64,1.64,16000,0,0,7783.333,18510.83,26294.17,1382
72530402,6,9,4,1,1.239,1.239,13000,0,0,5216.667,14962.5,20179.17,1382
72530501,3,9,4,1,2.454,2.454,12000,0,0,5266.667,23141.67,28408.33,1535
72530502,5,9,4,1,2.057,2.057,12800,0,0,8333.333,24130.33,32463.67,1535
72531201,6,2,1,8,0.32,0.32,7850,0,1666.667,3466.667,3129.583,8262.917,846
72531202,5,2,1,8,0.028,0.028,8300,0,10416.67,166.6667,85,10668.33,846
72531301,5,2,1,1,0.992,0.992,15000,0,0,1900,7000.667,8900.666,1375
72531302,5,2,1,9,0.32,0.32,10800,0,0,0,2700.833,2700.833,1375
72531401,4,9,1,1,1.632,1.632,12000,0,0,-516.6667,11000.83,10484.17,1058
72531402,4,9,1,1,1.737,1.737,42167,0,11000,4466.667,11470.83,26937.5,1058
72531501,8,9,1,1,5.711,5.711,25000,0,0,1316.667,59928.42,61245.09,1163
72531502,10,9,1,1,3.694,3.694,28000,0,0,4483.333,21976.67,26460,1163
72532201,7,3,4,8,1.025,1.025,17667,0,6916.667,916.6667,10733.33,18566.67,1859
72532202,4,9,4,6,0.32,0.32,11000,0,23333.33,0,3740.667,27074,1859
72532302,4,9,4,1,0.859,0.859,12417,0,0,4933.333,15899.58,20832.92,9558
72532402,6,9,4,1,2.045,2.045,15000,0,10300,0,16958.33,27258.33,5310
72532501,8,9,4,1,1.247,2.26,20000,0,9000,2416.667,11801.25,23217.92,3186
72533201,5,2,4,7,0.215,0.215,15000,0,14083.33,4050,787.5,18920.83,26
72533202,3,2,4,8,0.243,0.243,8000,0,5500,333.3333,789.1667,6622.5,26
72533301,8,2,4,1,0.911,0.911,20083,0,11591.67,773.3333,6645,19010,18
72533401,3,9,4,1,1.053,1.053,10000,0,0,6650,11230.83,17880.83,22
72533402,3,9,4,1,0.632,0.632,10250,0,0,-2523.333,5960.417,3437.083,22
72533403,2,9,4,1,1.029,1.029,7000,0,0,1616.667,7402.25,9018.917,22
72533404,10,9,4,1,1.721,1.721,26000,0,0,17040,12613.83,29653.83,22
72533501,4,9,4,1,2.106,2.106,11083,0,0,6000,19904.17,25904.17,166
72533502,3,3,4,1,1.94,1.94,16000,0,0,3216.667,17324.33,20541,166
72534201,4,9,4,2,0.219,0.219,10567,0,0,14366.67,4929.167,19295.83,383
72534202,3,3,4,2,0.17,0.17,11833,0,0,8700,883.3333,9583.333,383
72534301,2,9,4,1,0.417,0.417,10333,0,0,6173.333,3248.333,9421.667,561
72534302,3,9,4,1,0.413,0.413,12100,0,0,923.3333,3540.417,4463.75,561
72534401,6,9,4,1,2.45,2.45,15000,0,0,9466.667,19793.33,29260,204
72534402,6,9,6,1,1.434,1.434,16000,0,0,0,15098.33,15098.33,204
72534501,10,3,4,1,4.074,4.074,29500,0,0,766.6667,41857.5,42624.17,102
72534502,4,9,4,1,2.867,2.867,12500,0,0,9700,30239.17,39939.16,102
72535102,4,9,1,4,0.012,0.012,10500,270000,0,666.6667,0,270666.7,383
72535201,3,2,4,9,0.207,0.207,9833,1833.333,0,0,1185,3018.333,51
72535202,4,2,4,2,0.113,0.113,12667,0,55833.33,0,919.0833,56752.41,51
72535301,3,9,1,1,0.818,0.818,7000,0,0,-333.3333,3790,3456.667,68
72535302,4,2,1,1,0.429,0.429,11000,0,0,0,1625,1625,68
72535303,7,2,1,1,0.814,0.814,19500,0,0,1783.333,3508.333,5291.667,68
72535502,6,9,1,1,2.033,2.033,12333,0,0,0,8004.25,8004.25,77
72535503,5,9,1,1,2.025,8.946,15000,0,0,6897,28359.5,35256.5,77
72536201,5,2,1,2,0,0.049,10000,0,1250,27500,-319.1667,28430.83,32
72536202,4,2,4,1,0.012,0.012,15000,0,0,2733.333,0,2733.333,32
72536301,6,2,4,2,0.024,0.267,8000,0,2208.333,4500,-530.8333,6177.5,63
72536302,6,2,1,1,0.842,0.842,10000,0,0,6583.333,8001.667,14585,63
72536401,5,2,1,1,1.693,1.693,20000,0,0,11100,14252.08,25352.08,32
72536501,2,2,1,1,3.694,3.694,7500,0,0,0,50743.67,50743.67,53
72536502,6,2,4,1,0.024,2.049,15000,0,2083.333,6756.667,14932.75,23772.75,53
72536503,6,2,1,1,6.156,6.156,20000,0,0,0,103700,103700,53
72537101,8,9,4,1,12.271,12.271,19083,0,0,40500,69483.34,109983.3,70
72537301,3,9,4,1,0.822,0.822,10000,0,0,700,12916.67,13616.67,16
72537302,4,9,4,1,0.822,0.822,11000,0,0,933.3333,8600,9533.333,16
72537303,3,9,4,1,0.822,0.822,10000,0,0,800,9991.667,10791.67,16
72537304,2,9,4,1,0.822,0.822,6000,0,0,1033.333,9341.667,10375,16
72537401,3,9,4,1,1.239,1.239,10000,0,0,-700,12241.67,11541.67,54
72537402,2,9,4,1,1.644,1.644,6000,0,0,1166.667,13083.33,14250,54
72537501,7,9,4,1,8.173,8.173,29917,0,0,17900,85683.34,103583.3,527
72538201,5,2,4,6,0.008,0.008,9588,0,6033.333,2700,0,8733.334,180
72538202,5,2,4,6,0.016,0.016,13923,0,16916.67,1260,0,18176.67,180
72538301,3,9,4,1,1.231,1.636,12250,0,0,4266.667,14863.33,19130,162
72538302,5,9,4,1,6.917,0.437,20558,0,0,210,2173.5,95883.5,162
72538401,4,9,4,1,1.276,1.276,14942,0,0,2410,14024.17,16434.17,108
72538402,7,9,4,1,1.231,1.231,15344,0,0,17736.67,12556.92,30293.58,108
72538501,2,9,4,1,3.698,3.698,11458,0,0,-3396.667,40173.33,36776.66,126
72538502,8,9,4,1,4.475,9.335,27667,0,0,7450,22707.5,30157.5,126
72539201,5,2,4,4,0.008,0.008,9354,5333.333,7000,-213.3333,0,12120,3690
72539202,5,9,4,2,1.154,0.547,14463,0,0,13066.67,118.3333,16518.33,3690
72539301,4,9,4,2,0.101,0.506,10458,0,0,13533.33,254.1667,13787.5,2460
72539401,5,9,4,1,1.701,1.701,15725,0,0,4386.667,14500.42,18887.08,492
72539402,6,9,4,1,1.255,1.255,20025,41000,30000,11300,15297.42,97597.41,492
72539501,2,9,4,1,2.3,2.3,14883,0,0,2874.333,36775,39649.33,2829
72539502,7,9,4,1,1.154,5.306,28492,0,80500,18373.33,431,99304.34,2829
72540201,5,2,4,2,0.008,0.008,15417,0,12083.33,10426.67,0,22510,2456
72540202,6,9,4,2,0.012,0.012,22158,0,12916.67,15500,0,28416.67,2456
72540301,3,9,4,1,0.433,0.433,17800,0,0,11836.67,3111.667,14948.33,1382
72540302,4,9,4,1,0.85,0.85,19250,0,0,18633.33,8716.833,27350.17,1382
72540401,4,9,4,1,1.053,1.053,19950,0,0,33610,11310,44920,921
72540402,9,9,4,1,1.276,1.276,34667,0,25000,13350,13908.33,52258.33,921
72540501,2,9,4,1,2.855,2.855,17550,0,0,0,34008.33,34008.33,921
72540502,7,9,4,1,4.119,4.119,38917,0,0,105833.3,37268.33,143101.7,921
72541202,6,2,4,8,0.004,0.008,16000,0,16000,3500,0,19500,54
72541302,4,9,4,1,1.025,1.025,20500,0,0,9516.667,3667.5,17017.5,93
72541401,6,9,4,6,0.826,1.636,19000,0,10000,6333.333,12018,28351.33,47
72541402,4,9,4,1,1.636,1.636,12000,0,0,0,10673.33,10673.33,47
72541501,9,9,4,1,2.446,3.661,25000,0,0,6733.333,28191.67,34925,93
72541502,4,9,4,1,7.306,9.939,29000,0,0,2000,50138.33,52138.33,93
72542201,5,9,4,9,0.012,0.012,15000,0,0,-666.6667,0,-666.6667,2699
72542302,1,9,4,1,0.652,0.652,3000,0,0,0,6039.167,6039.167,14392
72542402,5,9,4,9,1.264,0.049,15000,0,5833.333,0,0,9166.667,4883
72542502,6,9,4,1,0.81,4.05,20417,0,0,-33.33333,24939.33,24906,3598
72543201,3,9,4,1,0.227,0.227,7125,0,0,2233.333,2323,4556.333,10089
72543301,6,9,4,1,0.429,0.429,12000,0,0,3200,804.1667,4004.167,6107
72543302,6,9,4,1,0.632,0.632,15000,0,0,5500,3032.083,8532.083,6107
72543401,4,9,4,1,1.251,1.251,12833,0,0,3666.667,12275.5,15942.17,3186
72543402,5,9,4,1,1.251,1.251,11000,0,0,3533.333,11250.83,14784.17,3186
72543501,3,9,4,1,3.139,3.139,11000,0,20000,-5600,32112.5,46512.5,4514
72543502,2,9,4,1,1.466,2.884,10250,4666.667,0,4116.667,31104.75,39888.08,4514
72544201,3,2,4,1,0.15,0.15,10000,0,0,7840,210,8050,153
72544202,3,2,1,7,0,0.012,10000,0,1000,1908.333,0,2908.333,153
72544301,7,2,4,1,0.81,0.81,21000,0,0,4966.667,4429.167,9395.833,332
72544302,6,2,4,2,0.219,0.219,15000,0,666.6667,1633.333,137.5,2437.5,332
72544401,6,3,1,1,2.025,6.075,20000,0,0,2350,69999.16,72349.16,255
72544402,6,9,4,1,0.016,1.231,25000,0,0,766.6667,10308.33,11075,255
72544501,5,3,4,1,2.847,2.847,20000,0,0,1610,25204.17,26814.17,740
72544502,5,3,1,1,0.81,4.86,25000,0,0,16183.33,22892.5,39075.83,740
72545202,5,9,1,7,0.207,0.207,12167,0,12916.67,4883.333,1332.5,19132.5,423
72545301,5,2,1,8,0.312,0.312,6833,0,5708.333,0,2779.167,8487.5,3384
72545401,4,3,1,9,1.239,1.239,7833,0,0,1856.667,12298.33,14155,1058
72545402,4,2,1,1,1.231,1.231,12083,0,0,3233.333,10693.33,13926.67,1058
72545501,7,9,1,1,1.426,1.426,12083,0,0,4900,15418.33,20318.33,952
72545502,6,9,1,1,2.037,2.037,19917,0,0,0,24170,24170,952
72546202,2,2,4,2,0.024,0.065,5500,0,0,871.6667,87.91666,959.5834,671
72546301,6,9,4,8,0.146,0.146,14383,0,17958.33,1946,338.3333,20242.67,122
72546302,8,3,2,5,0.259,0.51,16058,4400,38166.67,500,4372.667,47439.34,122
72546401,9,9,4,1,1.66,1.66,27300,0,0,10480,6942.083,17422.08,92
72546402,7,2,4,1,0.024,6.099,26000,0,2500,8016.667,32508.5,43025.16,92
72546502,8,9,4,1,7.574,20.331,49492,0,0,8326.667,208352.3,216679,549
72547301,3,9,4,1,0.502,0.502,16000,0,0,1466.667,3960.417,5427.083,18
72547302,4,9,4,1,1.025,1.025,12020,0,0,1900,6147.75,8047.75,18
72547303,4,9,4,1,0.644,0.644,12000,0,0,-1333.333,3899.167,2565.833,18
72547304,5,9,4,1,0.644,0.644,17000,0,0,800,6291.25,7091.25,18
72547305,4,9,4,1,0.721,0.721,20000,0,0,160,2841.25,3001.25,18
72547306,4,9,4,1,0.624,0.624,14000,0,0,400,5626.25,6026.25,18
72547402,7,9,4,1,1.62,0.81,50667,0,0,6833.333,14988.08,24988.08,140
72547501,5,9,4,1,2.179,2.179,46000,0,0,1750,31609.67,33359.66,140
72548201,4,9,4,2,1.66,0.04,16215,0,0,4620,0,19620,4551
72548202,4,2,4,8,0.008,0.012,8125,0,9133.333,920,0,10053.33,4551
72548301,6,9,4,1,2.673,1.053,16208,0,0,5137,5530,32000.33,1722
72548302,8,2,4,8,0.433,0.433,19125,0,14333.33,0,1533.75,17950.42,1722
72548401,4,9,4,5,1.567,1.567,14617,0,40000,3406.667,11878.75,55285.42,2337
72548402,4,9,4,4,1.045,1.045,17833,13566.67,0,4260,10769.75,28596.42,2337
72548501,2,9,4,1,0.891,3.321,13300,0,0,5373.333,22460.83,27834.17,2706
72548502,8,9,4,1,5.103,5.103,25225,0,0,7159,59387.75,66546.75,2706
72549201,7,2,1,4,0.028,0.028,20000,0,6833.333,350,-173.1667,7010.167,306
72549202,5,2,1,8,0.004,0.004,10000,0,16500,2233.333,0,18733.33,306
72549301,5,2,1,1,0.413,0.413,12167,0,0,2025,2036.667,4061.667,272
72549302,5,2,1,1,0.34,0.34,14000,0,2816.667,0,4401.667,7218.333,272
72549401,4,9,4,4,1.025,1.025,11250,4333.333,0,2133.333,6401.667,12868.33,374
72549402,3,9,4,1,1.025,1.025,10833,0,0,566.6667,6936.333,7503,374
72549502,5,9,1,1,2.442,2.442,15083,0,0,133.3333,12869.25,13002.58,612
72550201,5,3,4,1,0.215,0.215,21442,0,0,-800,2649.167,1849.167,3266
72550202,5,3,4,6,0.134,0.134,17742,0,46666.67,963.3333,442.5,48072.5,3266
72550301,4,3,4,6,1.029,0.522,17067,0,38000,0,5239.167,49905.84,4260
72550302,6,3,4,6,0.417,0.417,17350,0,10916.67,2960,3167.5,17044.17,4260
72550401,6,9,4,1,1.636,3.256,14725,0,0,12593.33,8590,21183.33,8804
72550501,3,9,4,1,2.458,5.698,13153,0,0,4480,3949.167,8429.167,2556
72550502,4,9,4,1,1.644,1.644,12529,0,4000,8206.667,11656.25,23862.92,2556
72551101,6,2,4,7,0.008,0.008,5917,0,5541.667,1858.333,0,7400,13110
72551201,6,2,4,1,0.016,1.636,18000,0,0,833.3333,14013,14846.33,1725
72551301,4,2,4,1,0.34,2.163,16800,0,0,-533.3333,17583.75,17050.42,759
72551302,6,9,1,1,1.025,1.025,17450,0,0,6483.333,18350.33,24833.67,759
72551401,5,2,4,1,1.126,1.126,10050,0,0,-466.6667,10611.33,10144.67,966
72551402,4,9,1,1,2.057,2.057,16000,0,0,4866.667,19400.83,24267.5,966
72551501,4,9,5,1,2.551,9.031,16125,0,0,8850,101638.2,110488.2,2277
72551502,5,2,4,1,1.742,2.045,15100,0,0,3758.333,16422.67,20181,2277
72552202,7,2,4,6,0,0.126,14233,0,15475,-50,0,15425,2572
72552301,4,9,4,1,0.628,0.628,12500,0,2400,2183.333,6725,11308.33,1143
72552302,3,9,4,1,1.328,2.543,11500,0,0,6143.333,14558.33,20701.67,1143
72552402,6,2,4,1,0.81,0.81,10992,0,0,5943.333,7619.583,13562.92,381
72552501,4,9,4,1,0.83,0.83,12125,0,0,0,10552.5,10552.5,5429
72552502,5,9,4,1,0.859,0.96,12500,0,1000,3186.667,5778.75,13246.67,5429
72553201,3,2,4,6,0.012,0.012,6000,0,7000,4950,0,11950,1311
72553202,5,2,4,7,0.012,0.012,10000,0,7100,2083.333,0,9183.333,1311
72553302,5,3,4,1,0.826,0.826,15000,0,6666.667,7600,12875,27141.67,2622
72553401,4,9,4,1,1.231,1.231,16125,0,0,5383.333,12317.08,17700.42,1656
72553402,3,9,4,1,1.227,1.227,10892,0,10200,0,16381.08,26581.08,1656
72553501,5,9,4,1,3.264,3.264,18167,0,0,4416.667,42312.25,46728.92,3312
72553502,6,9,4,1,3.276,4.491,30000,0,0,3466.667,47473.83,50940.5,3312
72554201,8,2,4,7,0.012,0.012,12583,0,25083.33,-1083.333,0,24000,595
72554202,5,2,4,8,0.34,0.008,9054,0,5416.667,-1128.667,0,5954.667,595
72554301,4,2,1,8,0.016,0.348,11417,0,5125,0,3397.5,8522.5,238
72554302,3,9,4,6,0.672,0.672,9183,0,9000,2203.333,6296.25,17499.58,238
72554401,2,9,4,1,1.235,1.235,8767,0,0,1286.667,18912.08,20198.75,387
72554402,6,9,4,1,1.628,6.893,12967,0,31000,9023.333,26010,66033.33,387
72554502,3,3,4,1,0.008,2.944,8400,0,0,263.3333,-2207.083,-1943.75,1071
72555201,3,9,4,6,0.547,0.117,10000,0,11500,7883.333,216.6667,27550,389
72555202,5,9,4,1,2.041,2.041,20000,0,0,2233.333,7024.167,19674.17,389
72555301,3,9,4,1,0.62,0.62,10050,0,0,1400,6215.417,7615.417,3112
72555302,6,9,4,7,0.421,0.016,15000,0,6541.667,6816.667,0,20858.33,3112
72555401,3,9,4,1,0.822,1.227,15017,1200,0,4350,11586.58,17136.58,5252
72555501,7,9,4,1,14.596,4.876,29833,0,0,16960,46965,146425,9142
72555502,8,9,4,1,8.153,11.19,24000,0,7000,16736.67,72176,114662.7,9142
72556102,7,3,4,8,0.02,0.02,13933,0,13333.33,4400,22.5,17755.83,10973
72556201,5,9,4,6,2.875,0.445,15267,0,8000,7050,2226.667,37276.67,5586
72556202,4,9,4,9,2.693,0.263,15000,0,6250,8516.667,1337.5,126104.2,5586
72556301,5,9,4,8,0.855,0.45,16100,0,11250,1986.667,2060.833,21130.83,1197
72556302,5,9,4,1,0.822,0.822,15500,0,0,1850,8877.5,10727.5,1197
72556401,3,9,4,1,1.085,1.085,17167,0,7083.333,2653.333,8696.667,18433.33,2394
72556402,4,9,4,1,2.43,3.645,15667,0,0,2150,39575,41725,2394
72556501,11,9,4,1,2.511,2.511,38833,13333.33,0,10733.33,34289.17,58355.84,3192
72556502,4,9,4,1,3.321,3.321,38500,0,0,4926.667,37688.33,42615,3192
72557202,5,9,4,5,0.041,0.041,9750,0,9166.667,1450,0,13616.67,2176
72557301,6,9,4,1,1.227,1.227,18000,0,0,4766.667,16985,21751.67,884
72557401,5,9,4,1,1.264,1.264,16050,0,0,1833.333,14340.83,16174.17,816
72557402,6,2,4,7,1.227,1.227,18000,0,0,1353.333,16935.83,18289.17,816
72557501,6,9,4,1,2.045,2.045,27500,0,0,11383.33,20855,32238.33,2584
72557502,6,9,4,1,1.057,1.057,20000,0,0,4713.333,12965.5,17678.83,2584
72558101,2,3,4,8,0.004,0.004,6700,0,5833.333,716.6667,0,6550,244
72558201,5,3,4,1,0.016,2.851,17750,0,9666.667,5766.667,8236.667,23670,183
72558202,11,2,4,6,0.016,0.016,18350,0,25583.33,1333.333,0,26916.67,183
72558203,5,3,4,3,0.122,0.122,13000,0,16333.33,7233.333,769.5833,24336.25,183
72558401,6,3,4,1,0.032,2.057,11300,0,6666.667,8966.667,11510,27143.33,31
72558402,6,3,4,1,0.032,2.057,11500,0,10416.67,12750,12593.33,35760,31
72558501,5,3,4,1,0.024,2.859,15917,0,2500,17333.33,11625,31458.33,31
72558502,10,3,1,1,0,18.237,15800,0,0,3366.667,46168.33,49535,31
72558503,5,9,4,1,4.819,9.274,31500,0,0,3666.667,49221.67,62888.34,31
72559201,5,9,4,1,2.045,0.628,17633,0,8833.333,8436.667,4360,45588.34,5681
72559202,4,3,4,4,0.008,0.008,8577,0,12000,-216.6667,0,11783.33,5681
72559301,7,3,4,4,0.364,0.364,15600,5366.667,0,2373.333,1242.917,10232.92,2347
72559302,6,3,4,6,0.364,0.364,12400,0,16250,4133.333,1301.25,22934.58,2347
72559401,10,9,1,6,1.555,1.555,28908,3333.333,17333.33,6366.667,16144.58,43177.92,1482
72559402,6,9,4,6,9.813,0.498,38100,0,26583.33,6123.333,591.6667,116631.7,1482
72559501,6,9,4,1,2.118,5.561,15025,0,0,3500,25674.58,29174.58,3458
72559502,5,9,4,1,1.235,2.855,14358,0,0,0,13092.5,25592.5,3458
72560202,9,2,2,9,0.012,0.219,25500,0,833.3333,1406.667,-1224,1016,6295
72560301,7,9,4,1,0.846,1.656,20000,0,0,2800,2959.333,5759.333,2671
72560302,4,9,1,1,0.944,4.657,20000,0,0,1033.333,-9865.833,-8832.5,2671
72560401,4,9,4,1,1.235,1.235,50000,0,8333.333,1266.667,13000.92,22600.92,2671
72560502,9,9,4,1,1.268,2.483,40000,0,0,5100,-2711.5,2388.5,6486
72561102,5,9,2,8,0.211,0.211,6000,0,8333.333,0,-212.5,8120.833,1113
72561202,5,3,1,8,0.008,0.008,8400,0,6666.667,-16.66667,0,6650,445
72561301,5,9,1,1,0.243,0.413,8000,0,10000,1400,3641.667,15875,312
72561302,3,9,1,6,0.288,0.288,7000,0,11666.67,700,1931.667,14298.33,312
72561401,4,9,1,1,1.243,1.243,8000,5666.667,2500,7950,2477.5,18594.17,178
72561402,4,9,1,1,0.923,0.923,9000,0,0,2266.667,1790,4056.667,178
72561501,5,9,1,1,3.159,3.159,16000,13333.33,0,1100,26902.5,41335.83,312
72561502,3,9,1,1,2.519,3.127,11000,0,0,-3540,9551.667,6011.667,312
72562201,4,1,4,6,1.029,1.029,18000,0,20000,-1866.667,12601.67,30735,4071
72562301,5,9,4,1,0.81,1.62,24000,0,0,12866.67,9835,22701.67,1551
72562302,13,9,4,1,0.632,0.632,29000,0,0,6416.667,5531.667,11948.33,1551
72562303,5,9,4,6,0.425,0.425,13000,0,7000,3413.333,4990,15403.33,1551
72562401,7,9,4,8,1.033,1.033,20500,0,10333.33,2066.667,13230,25630,582
72562501,3,9,4,1,1.434,10.344,90083,0,0,2433.333,27688.33,30121.67,582
72562502,6,9,4,1,1.033,3.058,27000,0,0,5600,11611.83,17211.83,582
72563201,4,1,9,6,0.134,0.134,10650,0,7000,816.6667,3183.333,11000,5606
72563202,4,2,1,4,0.016,0.016,10100,0,4000,453.3333,0,4453.333,5606
72563301,4,3,1,1,0.863,0.863,11000,0,0,0,9713.333,9713.333,5606
72563302,4,3,1,1,0.676,0.676,11250,0,0,3100,8205,11305,5606
72563401,4,9,4,1,0.838,4.078,14000,0,0,0,34041.67,34041.67,897
72563402,4,9,1,8,0.024,0.024,11300,0,5583.333,816.6667,0,6400,897
72563501,6,9,4,1,2.835,6.075,13000,0,0,7066.667,41763.33,48830,4485
72563502,3,9,4,1,4.605,4.605,16000,0,0,0,26116.67,26116.67,4485
72564102,5,9,4,1,0.454,0.859,15000,0,0,0,4750,4750,463
72564201,6,9,4,9,0.417,0.113,15500,0,7000,-800,-1449,7667.667,74
72564202,6,9,4,9,0.636,0.231,20000,0,0,1850,-602.6667,4580.667,74
72564301,3,9,4,9,0.66,0.66,15000,0,833.3333,-533.3333,10660.25,10960.25,259
72564302,7,9,4,9,0.98,0.98,34917,0,0,983.3333,10051.33,11034.67,259
72564402,4,9,4,1,1.013,1.013,20000,0,6666.667,-266.6667,8764.583,15164.58,259
72564501,5,9,4,1,1.418,5.468,25000,0,0,3860,14344.83,18204.83,185
72565201,2,3,1,2,0.008,0.008,3000,0,0,1933.333,0,1933.333,3690
72565202,4,3,1,8,0.223,0.243,8000,0,6250,2266.667,2175,10691.67,3690
72565301,9,9,1,1,0.223,0.223,20000,0,0,0,1779.167,1779.167,2583
72565302,4,3,1,6,0.632,0.632,12000,0,6000,1800,4700,12500,2583
72565401,4,3,1,1,1.632,1.632,12000,0,0,-166.6667,18004.17,17837.5,1845
72565402,4,9,1,1,1.021,1.021,9000,0,0,0,4983.333,4983.333,1845
72565501,5,9,4,1,7.189,7.189,18000,0,0,4066.667,264995.8,269062.5,2337
72565502,6,9,4,1,11.085,11.085,24000,0,0,0,102800,102800,2337
72566201,6,2,4,8,0.417,0.417,11000,0,7250,2786.667,3133.333,13170,25
72566202,4,2,4,7,0.065,0.47,8000,0,5500,600,2972.917,9072.917,25
72566203,5,2,4,6,0.024,0.024,7000,0,6833.333,533.3333,0,7366.667,25
72566301,4,2,4,6,1.037,1.037,11000,0,9000,2280,8998.75,20278.75,58
72566302,4,2,4,7,0.417,0.417,8000,0,3500,1133.333,5290,9923.334,58
72566303,5,2,4,7,0.417,0.417,9000,0,3500,1800,5191.25,10491.25,58
72566401,5,2,4,6,0.429,0.429,9000,0,7000,-166.6667,7203.333,14036.67,25
72566501,6,2,4,1,1.227,3.252,14000,0,0,0,18374.17,18374.17,25
72566502,5,9,4,1,0.822,3.252,12000,0,0,1466.667,22099.58,23566.25,25
72566503,5,9,4,1,0.822,3.252,12000,0,0,3350,20284.42,23634.42,25
72567201,4,2,1,8,0.008,0.008,6500,0,6666.667,1166.667,0,7833.333,2691
72567301,4,9,1,2,0.425,0.008,10000,0,0,133.3333,111.6667,2245,1047
72567302,4,9,4,7,1.247,2.057,16750,0,7000,4800,5125,16925,1047
72567401,2,9,4,4,1.652,1.652,12000,0,0,4500,562.5,5062.5,224
72567402,4,1,4,1,5.33,6.545,11150,0,0,6293.333,3039.167,9332.5,224
72567501,5,9,1,2,4.961,4.961,13800,0,0,-5700,1925,-3775,299
72567502,5,2,1,6,1.312,3.337,20000,0,60000,1133.333,2041.667,63175,299
72568201,5,2,1,6,0.061,0.061,13700,0,30916.67,1140,0,32056.67,4769
72568401,5,9,4,1,1.936,1.936,15000,0,0,3100,24984.83,28084.83,281
72568402,3,9,4,1,1.304,1.304,12500,0,0,6366.667,15685.42,22052.08,281
72568501,4,9,4,1,2.442,6.492,16500,0,0,4866.667,49716.67,54583.34,468
72568503,6,9,4,1,1.235,4.475,16200,0,0,1533.333,7553.833,9087.167,468
72568504,2,9,4,1,2.033,3.248,9000,0,0,0,19998.33,19998.33,468
72569201,3,2,1,6,0.036,0.041,8500,0,2750,1666.667,0,4416.667,57
72569501,5,9,4,1,8.323,8.323,28000,0,0,37066.67,60821.67,97888.34,57
72570301,5,9,4,1,0.632,0.632,17500,0,0,3500,5220.667,8720.666,382
72570501,4,9,4,1,1.28,5.33,12000,0,0,6893.333,42371.08,49264.41,763
72570502,4,9,4,1,1.239,3.264,16000,0,0,5063.333,25241.67,30305,763
72570503,4,9,4,1,7.29,7.29,14200,0,0,7550,120020,127570,763
72570504,12,9,4,1,3.706,3.706,35167,0,0,11506.67,15317.33,26824,763
72571102,4,2,1,8,0.008,0.008,7500,0,9833.333,2333.333,0,12166.67,668
72571201,3,2,1,6,0.036,0.036,8667,0,10000,1366.667,0,11366.67,401
72571202,4,2,1,8,0.008,0.008,7500,0,9833.333,2266.667,0,12100,401
72571301,5,9,4,1,0.814,0.814,27333,0,11000,800,7937.5,19737.5,89
72571302,5,2,4,1,0.458,1.268,15083,0,0,1746.667,8041.667,9788.333,89
72571401,5,9,4,1,1.134,7.209,12500,0,0,6633.333,41601.67,48235,89
72571402,3,9,4,1,1.754,17.954,20833,0,0,29100,35571.67,64671.67,89
72571502,4,9,4,1,5.038,5.038,16000,0,0,7600,24762.5,32362.5,267
72572201,3,9,4,1,0.77,0.162,10000,0,0,3333.333,0,11666.67,299
72572202,4,2,4,7,0.057,0.057,10750,0,14166.67,2700,579.1667,17445.83,299
72572301,6,2,4,8,0.429,0.429,12100,0,0,1033.333,3691.667,4725,2766
72572302,5,2,4,5,0.032,0.275,10050,0,5000,1916.667,654.1667,7570.833,2766
72572401,7,9,4,1,0,2.803,24000,0,0,3366.667,27819.17,31185.83,972
72572402,5,3,4,1,0.008,1.223,30000,0,0,3633.333,8676.667,12310,972
72572501,7,9,4,1,1.369,1.976,25250,0,0,2720,11000,13720,1196
72572502,7,9,4,1,1.215,2.511,34500,0,0,4040,26830.42,30870.42,1196
72573201,6,9,4,1,1.847,1.847,10000,0,0,7300,13812.5,21112.5,1353
72573202,6,2,1,4,0.328,0.328,15000,0,0,7600,2733.333,10333.33,1353
72573301,5,9,4,1,1.669,1.669,10833,0,0,10713.33,14350,25063.33,984
72573302,3,9,4,1,0.903,1.389,9000,0,0,7487.333,14575,22062.33,984
72573401,5,9,4,6,1.847,1.847,15000,0,5000,19760,16808.33,41568.34,615
72573402,3,9,4,6,1.037,1.037,12000,0,30000,0,8315,38315,615
72573501,3,9,4,1,2.147,2.147,15000,0,0,13456.67,18337.5,31794.17,492
72573502,3,9,4,1,14.183,19.043,21367,0,52000,25593.33,57166.67,134760,492
72574302,4,9,4,1,0.98,0.98,15000,0,0,466.6667,6878.333,7345,133
72574303,3,9,4,1,0.713,0.713,10000,0,7750,725,6100,14575,133
72574304,2,9,4,1,0.826,0.826,10000,0,0,9000,6317.5,15317.5,133
72574402,6,9,4,1,2.446,2.446,29500,0,0,27600,79065.84,106665.8,150
72574502,6,9,4,1,3.293,3.293,16000,0,0,-2306.667,28197.5,25890.83,175
72575201,7,2,4,7,0.016,0.016,7000,0,13083.33,-366.6667,0,12716.67,819
72575202,8,2,1,8,0.016,0.016,15000,0,15833.33,3016.667,0,18850,819
72575301,4,2,1,1,0.668,3.098,8000,0,0,6100,11269.17,17369.17,441
72575302,2,9,4,1,0.81,12.96,7000,0,0,7000,54600,61600,441
72575401,6,9,4,1,2.061,2.061,15000,0,0,4900,16225,21125,221
72575402,4,2,4,1,1.037,1.037,12000,0,2250,0,4704.167,10079.17,221
72575501,10,9,4,1,3.41,8.675,30000,0,0,47683.33,52483.33,100166.7,693
72575502,6,2,1,1,2.025,4.05,15000,0,0,7166.667,34585,41751.67,693
72576301,3,9,4,1,1.037,1.037,10500,0,0,2050,12015.42,14065.42,315
72576401,3,9,4,1,1.049,1.859,9000,0,0,10633.33,25197.25,35830.58,259
72576402,5,9,4,1,1.239,1.239,11500,0,0,370,14573.08,14943.08,259
72576501,5,9,4,1,1.855,2.26,17500,0,0,1481.667,21476.17,22957.83,56
72576502,6,9,4,1,2.871,2.871,7883,0,10300,3033.333,28202.58,41535.92,56
72577201,6,2,1,1,0.243,0.243,10000,0,0,233.3333,7846.667,8080,3588
72577202,11,9,2,2,0.057,0.057,27083,0,0,17850,0,17850,3588
72577301,4,9,4,1,0.454,0.454,12000,0,2666.667,-1390,10451.67,11728.33,2467
72577302,3,2,1,8,0.437,0.437,6000,0,5833.333,1766.667,8700.667,16300.67,2467
72577401,9,9,1,4,1.782,0.162,35000,0,0,5166.667,4908.333,30075,1121
72577402,6,9,4,1,1.92,1.92,18000,0,0,4600,15421.67,20021.67,1121
72577501,9,9,4,1,4.516,4.516,21000,0,14000,8650,18150.83,40800.84,673
72577502,5,9,4,1,4.066,4.066,9000,0,0,3833.333,22551.67,26385,673
72578201,4,9,4,1,0.575,0.575,16000,0,20000,0,2196,22196,3727
72578202,4,9,4,1,0.413,0.413,11250,0,0,216.6667,3558.333,3775,3727
72578301,4,9,4,1,0.62,0.62,9833,0,0,2800,6719.167,9519.166,3984
72578302,5,9,4,7,0.834,0.024,15000,0,8000,0,2240,16073.33,3984
72578401,6,9,4,1,1.239,1.239,20000,0,0,0,22736.67,22736.67,1157
72578402,5,9,4,1,1.636,1.636,15000,0,0,6866.667,20563.33,27430,1157
72578501,8,9,4,1,2.479,2.479,32500,0,0,3266.667,36783.33,40050,2056
72578502,4,9,4,3,2.479,2.479,10833,0,0,933.3333,16028.25,16961.58,2056
72579201,2,9,4,9,0.644,0.036,10000,0,0,1750,0,6833.333,2665
72579202,6,2,1,6,0.024,0.028,12000,0,1116.667,233.3333,0,1350,2665
72579302,4,9,4,1,0.425,0.83,15000,0,0,9333.333,5716.667,15050,5189
72579401,4,9,4,1,0.689,1.498,20000,0,0,3766.667,5133.333,8900,2525
72579402,6,9,4,1,2.458,2.458,18000,0,8000,2350,21254.17,31604.17,2525
72579501,5,9,4,1,2.114,2.114,15000,0,0,11350,12575,23925,1122
72579502,5,9,4,1,1.061,3.086,15000,0,0,9300,22829.17,32129.17,1122
72580201,4,2,4,6,0.166,0.166,17000,0,11400,7616.667,-254,18762.67,480
72580202,9,3,2,2,0.041,0.041,13300,0,6000,-100,0,5900,480
72580301,3,9,4,1,0.62,0.62,24200,0,0,1833.333,6985.667,8819,240
72580302,5,9,4,4,0.822,0.842,29000,0,0,5460,-774.9167,4685.083,240
72580401,4,9,4,1,1.037,1.037,23000,0,0,1816.667,11473.5,13290.17,137
72580402,4,9,4,1,0.271,1.486,15692,0,0,3426.667,-10199.67,-6773,137
72580501,5,3,2,2,0,0.041,12000,0,0,1033.333,0,1033.333,274
72580502,4,9,2,1,1.507,2.722,22000,0,0,1433.333,-9062.667,-7629.333,274
72581101,3,9,4,1,0.83,0.83,10000,0,0,0,5000,5000,161
72581102,1,9,4,9,2.151,0.227,5700,0,0,0,0,13333.33,161
72581201,4,3,4,8,0.016,0.016,9000,0,8333.333,3800,0,12133.33,194
72581202,4,3,4,8,0.215,0.215,10000,0,3000,0,2626.75,5626.75,194
72581301,5,9,4,6,0.421,0.016,15000,0,40000,0,1879.167,43295.84,129
72581302,4,3,2,1,0.62,0.62,9000,0,0,1533.333,5098.333,6631.667,129
72581401,6,9,4,1,0.624,0.624,12000,0,0,6833.333,7410,14243.33,86
72581402,5,9,4,1,1.094,1.094,17000,0,20000,2250,12115,34365,86
72581403,7,9,4,1,0.834,1.644,21000,0,0,5000,5854.167,60854.17,86
72581501,4,9,4,1,2.454,3.062,16000,0,0,2000,27779.17,29779.17,65
72582201,6,2,4,6,0.024,0.024,11900,0,10000,693.3333,0,10693.33,14109
72582202,3,2,4,4,0.016,0.016,9850,9986.667,7666.667,3480,0,21133.33,14109
72582301,6,2,4,6,0.433,0.433,25083,0,7500,0,5290,12790,851
72582302,2,2,4,1,0.822,0.822,8000,0,0,0,11302.33,11302.33,851
72582303,4,2,4,1,0.632,0.632,13100,0,0,2526.667,8312.5,10839.17,851
72582304,5,2,4,1,0.822,0.822,19750,0,0,0,7629.667,7629.667,851
72582401,5,2,4,1,1.644,1.644,26167,0,0,6716.667,23260.25,29976.92,487
72582402,5,2,4,1,0.429,1.239,20100,0,0,0,6465,6465,487
72583201,7,2,3,6,0.012,0.012,9000,0,4583.333,200,0,4783.333,257
72583202,7,2,3,6,0.008,0.008,10000,0,22583.33,2433.333,0,25016.67,257
72583301,6,9,4,1,0.644,0.644,15083,0,0,3200,2056.667,5256.667,385
72583302,5,9,3,8,0.429,0.429,10417,0,5250,1600,2825,9675,385
72583401,4,3,4,1,1.037,1.037,9833,0,0,2423.333,11084.17,13507.5,513
72583402,5,3,4,1,1.426,1.426,12000,0,0,0,8168,8168,513
72583501,3,3,4,1,1.766,1.766,10668,0,0,0,19695,19695,513
72584101,2,9,4,9,7.302,0.215,50000,0,0,960,0,132293.3,52
72584201,4,9,4,1,0.834,0.834,16500,0,0,0,4770,4770,52
72584202,5,9,4,8,0.834,0.834,19000,0,7500,2866.667,6016.667,16383.33,52
72584501,4,9,4,1,3.264,4.884,22000,0,0,0,26916.67,26916.67,114
72584503,6,9,4,1,1.251,3.681,38500,0,0,17433.33,13932.08,31365.42,114
72584504,4,9,4,1,1.114,20.351,34000,0,0,0,163348.5,163348.5,114
72584505,7,9,4,1,17.111,20.351,42000,0,0,49200,704856.3,754056.3,114
72584506,5,9,4,1,0.855,1.665,32000,0,0,5000,26702.92,31702.92,114
72585201,5,9,4,6,0.109,0.109,15000,0,1975,1550,369.1667,3894.167,392
72585202,6,3,4,4,0.008,0.008,12000,11733.33,0,333.3333,0,12066.67,392
72585301,2,9,4,2,0.616,0.616,7000,0,0,3133.333,3313.333,6446.667,1274
72585302,5,9,4,1,0.373,0.373,20000,0,10416.67,0,1652.5,12069.17,1274
72585402,7,9,4,1,1.644,1.644,36000,0,30416.67,4743.333,9747.167,44907.17,294
72585501,3,9,4,1,4.086,8.946,26500,0,0,5866.667,8300,14166.67,735
72585502,4,9,4,1,2.074,2.074,21000,0,0,3290,14565.83,17855.83,735
72586201,4,2,4,6,0.02,0.02,22800,0,7416.667,-2300,0,5116.667,605
72586202,6,2,4,4,0.016,0.016,21800,5000,7233.333,1346.667,0,13580,605
72586301,4,9,4,6,0.016,0.826,19200,0,10000,1440,14493.33,25933.33,666
72586302,4,9,4,1,0.96,0.96,16000,0,0,0,15918.33,15918.33,666
72586401,10,9,4,1,1.264,1.264,32500,0,0,1086.667,19155.67,20242.33,847
72586402,2,9,4,1,1.665,1.665,17000,0,0,4373.333,27637.5,32010.83,847
72586501,3,9,4,1,2.219,2.219,25500,0,0,5833.333,38496.67,44330,968
72586502,4,9,4,1,1.673,2.078,25700,0,0,3983.333,28698.33,32681.67,968
72587201,4,3,1,7,0.024,0.024,11000,0,7666.667,4290,0,11956.67,355
72587202,5,2,4,4,0.134,0.134,20600,20333.33,0,2716.667,4691.667,27741.67,355
72587301,5,2,4,1,0.64,0.64,13000,0,0,4766.667,10362.5,15129.17,264
72587302,4,9,4,4,0.255,0.255,20600,12833.33,6000,5253.333,708.3333,24795,264
72587401,4,3,1,1,1.903,1.903,24400,0,0,5600,11133.33,16733.33,165
72587402,6,3,4,1,1.454,1.454,20500,0,0,0,7670,7670,165
72587501,6,3,1,1,2.074,2.074,29583,0,0,9300,14017.5,23317.5,256
72587502,5,9,4,1,2.215,2.215,21667,0,0,7933.333,43429.17,51362.5,256
72589201,9,2,3,8,0.012,0.012,11000,0,12658.33,-190,0,12468.33,4190
72589202,5,2,3,7,0.004,0.004,6417,0,4183.333,0,0,4183.333,4190
72589301,2,3,4,9,0.028,0.028,6667,0,0,0,0,0,1323
72589302,2,9,4,1,0.437,1.045,5083,0,0,7156.667,5110.417,12267.08,1323
72589402,8,9,4,1,1.029,1.029,32000,0,0,4383.333,6981.667,11365,3087
72589501,4,9,4,1,1.219,2.232,10083,0,0,17100,11116.67,28216.67,4410
72589502,2,9,4,9,2.029,0.004,9833,0,0,2266.667,4740,15340,4410
72590201,6,2,1,2,0.041,0.041,7000,0,3166.667,2316.667,0,5483.333,11
72590202,5,2,1,8,0.016,0.016,7750,0,7833.333,6233.333,0,14066.67,11
72590301,5,2,1,1,0.425,0.425,10000,0,0,4050,9165,13215,14
72590302,3,2,1,1,0.417,0.417,4500,0,0,0,5775,5775,14
72590303,4,2,1,1,0.437,0.437,10000,0,0,5700,5796.667,11496.67,14
72590304,7,2,1,1,0.47,0.47,10500,0,5083.333,9133.333,15450,29666.67,14
72590305,7,2,1,1,0.895,0.895,12500,0,0,2666.667,17678.33,20345,14
72590306,8,2,1,1,0.486,0.51,15500,0,0,4333.333,9706.5,14039.83,14
72591201,6,2,4,6,0.012,0.012,16808,0,20166.67,5443.333,0,25610,4655
72591202,4,9,2,4,0.069,0.069,21500,27800,0,5800,314.5833,33914.58,4655
72591301,5,9,4,1,0.871,0.871,23808,0,0,38046.67,7755,45801.67,803
72591302,10,9,2,1,0.024,0.591,23358,0,7000,2100,9212.5,18312.5,803
72591401,6,9,4,6,0.992,0.992,23925,0,16216.67,20810,9091.833,46118.5,642
72591402,4,9,4,1,1.288,1.288,27783,0,0,46040,13745.83,59785.83,642
72591501,3,9,4,1,0.02,1.438,19883,0,0,22080,16962.67,39042.66,883
72591502,5,9,4,9,1.134,0.126,23083,0,15000,27166.67,50,56383.34,883
72592301,4,9,4,1,0.632,0.429,8267,0,0,2466.667,3479.583,9279.583,98
72592302,3,9,4,1,0,0.413,9520,0,2333.333,1583.333,3490.833,7407.5,98
72592401,7,9,4,1,1.989,1.989,21500,0,0,19466.67,19773.33,39240,229
72592402,6,9,4,1,1.203,1.203,23450,0,0,4383.333,12889.58,17272.92,229
72592403,4,9,4,1,1.519,1.519,19845,0,0,0,18301.08,18301.08,229
72592501,6,9,4,1,1.916,1.916,21220,0,0,3825,15035,18860,245
72592502,6,9,4,1,0.834,2.454,18467,0,0,8216.667,4959.333,16842.67,245
72593201,5,2,1,8,0.016,0.016,15000,0,7083.333,450,0,7533.333,3042
72593202,7,2,4,6,0.02,0.02,15333,0,16333.33,400,0,16733.33,3042
72593301,4,2,1,8,0.826,0.826,15000,0,8750,2033.333,294.1667,11077.5,2028
72593302,6,2,1,2,0.834,0.834,8800,0,0,866.6667,0,866.6667,2028
72593401,3,9,4,1,0.834,0.834,14500,0,0,10613.33,6625.833,17239.17,761
72593402,4,9,4,1,1.239,0.632,24583,0,0,10508.33,3590.833,17015.83,761
72593501,7,2,4,1,1.648,3.066,24592,0,7500,30506.67,7830,45836.66,254
72593502,6,9,4,1,3.2,3.2,29600,0,0,9386.667,16957.33,26344,254
72594201,4,3,1,2,0.012,0.113,14700,0,3000,16700,256.6667,19956.67,288
72594202,3,9,4,6,1.721,0.02,18000,0,25000,4570,0,50820,288
72594301,4,3,1,8,0.417,0.417,14633,0,8000,0,5562.5,13562.5,240
72594302,4,3,1,1,0.421,1.231,15833,0,0,0,11904.17,11904.17,240
72594401,5,9,4,1,1.944,1.944,24250,0,0,0,24187.08,24187.08,96
72594402,7,9,4,1,2.066,2.066,30000,0,26750,-350,28580,54980,96
72594501,3,9,4,1,1.636,8.926,18667,0,0,11400,23536.92,34936.91,432
72594502,5,9,4,1,1.029,8.319,24600,0,0,11316.67,69655.41,80972.08,432
72595201,5,3,2,2,0.02,0.02,12500,0,500,6500,0,7000,236
72595202,6,3,2,1,0.223,0.223,11000,0,0,11050,208.3333,11258.33,236
72595301,7,3,2,1,0.859,0.859,21667,0,0,6933.333,6233.333,13166.67,169
72595302,6,9,4,1,0.008,0.494,24667,0,0,9866.667,3502.5,13369.17,169
72595401,4,3,2,1,1.227,1.227,13000,0,0,4333.333,12358.33,16691.67,90
72595402,7,9,4,9,1.644,1.644,21000,0,10833.33,0,15533.33,26366.67,90
72595501,4,3,2,1,1.235,2.855,16500,0,0,3266.667,28750,32016.67,315
72595502,16,3,2,1,1.061,5.111,27500,0,5833.333,12533.33,61525,79891.66,315
72596201,4,9,4,6,1.247,0.032,14000,0,2500,2180,0,12180,896
72596202,5,9,4,1,1.652,0.032,14000,0,0,733.3333,0,13233.33,896
72596301,6,9,4,1,0.834,0.834,14833,0,0,7100,7557.5,14657.5,896
72596302,3,9,4,1,0.842,0.842,10000,0,0,0,8300.833,8300.833,896
72596401,3,9,4,1,1.235,1.235,10000,0,0,0,13841.67,13841.67,1315
72596402,5,9,4,1,1.037,1.037,14000,0,0,6666.667,10816.67,17483.33,1315
72596501,6,9,4,1,2.458,2.458,17867,0,0,5300,26190,31490,1852
72596502,5,9,4,1,1.64,1.64,13000,0,0,4566.667,15183.33,19750,1852
72597201,4,9,4,9,0.215,0.215,20000,0,0,12070,1140,13210,136
72597202,9,9,4,1,0.215,0.215,29000,30000,0,18830,1156.667,49986.67,136
72597301,6,9,4,2,2.754,0.729,20500,0,0,34233.33,1953.333,52853.33,91
72597302,6,9,4,2,2.754,0.729,22000,0,7500,33500,2061.667,59728.33,91
72597303,5,9,4,1,0.251,0.251,18500,0,0,9633.333,1103.333,10736.67,91
72597401,5,9,4,2,6.334,0.867,30000,0,0,25600,-1385,74215,68
72597402,7,9,4,2,6.334,0.867,30000,0,0,17533.33,-435,67098.34,68
72598201,4,9,1,6,0.008,0.13,20800,0,35000,5066.667,585.4167,40652.09,4995
72598202,5,2,4,8,0.004,0.012,4500,0,3900,1533.333,-280,5153.333,4995
72598301,5,9,4,1,0.952,0.952,21650,0,0,12266.67,9283.333,21550,3469
72598401,5,9,4,1,1.863,3.281,27833,0,0,9183.333,27346.67,36530,833
72598402,7,9,1,1,1.033,1.033,18833,0,10000,10983.33,11056.25,32039.58,833
72598501,5,9,1,1,4.082,4.082,27750,0,40185.17,12066.67,30303.75,82555.59,694
72598502,9,9,4,1,2.057,2.462,41267,0,45000,5500,25185.42,75685.41,694
72599201,5,2,4,8,0.016,0.016,12125,0,8000,1800,0,9800,4301
72599202,6,2,4,8,0.008,0.097,18050,0,13816.67,0,297.0833,14113.75,4301
72599301,6,9,4,8,0.356,0.356,25000,0,8000,9766.667,2926.667,20693.33,782
72599302,5,9,4,9,0.446,0.122,29367,0,0,1746.667,1083.75,9080.416,782
72599401,4,2,4,8,0.008,1.061,21800,0,15041.67,-983.3333,3004.25,17062.58,196
72599402,11,9,4,1,1.705,4.945,40417,0,0,20266.67,36020,56286.66,196
72599501,4,9,4,1,2.078,5.318,24792,0,0,1950,27599.25,29549.25,1466
72599502,7,9,4,1,3.949,3.949,36250,0,0,3666.667,53824.17,57490.84,1466
72920201,6,3,1,6,0.211,0.211,20592,0,8666.667,-159,535,9042.667,7581
72920202,5,3,1,6,0.008,0.008,17233,0,30000,4200,0,34200,7581
72920301,5,3,1,1,0.413,0.413,14767,0,6000,-250,1631.667,7381.667,10973
72920302,4,3,4,1,0.324,0.68,13883,0,0,1810,2324.167,4134.167,10973
72920401,5,3,4,1,0.992,0.992,16683,27866.67,5500,4720,5611.667,43698.33,4589
72920402,3,3,4,1,1.166,1.166,10767,0,0,8570,10097.08,18667.08,4589
72920501,8,3,1,1,2.296,4.321,31683,0,0,1883.333,24641.75,26525.08,1796
72920502,4,3,1,6,2.122,2.122,19000,7300,14166.67,0,16057.58,37524.25,1796
72921201,6,2,4,7,0.012,0.012,6000,0,6875,1116.667,0,7991.667,3334
72921202,4,3,2,7,0.016,0.016,6433,0,6833.333,83.33334,0,6916.667,3334
72921301,9,3,4,1,0.944,0.944,14250,4800,16725,5516.667,6945.333,33987,1715
72921302,4,9,4,1,1.033,1.033,18750,0,0,746.6667,6199.167,6945.833,1715
72921401,9,9,4,1,0.79,2.41,29250,0,0,7430,22505.42,29935.42,1905
72921402,5,9,4,1,1.231,1.231,15667,0,0,2573.333,10736.25,13309.58,1905
72921501,7,9,4,1,3.657,3.657,18183,0,0,5183.333,29739.33,34922.67,6858
72922201,3,2,4,8,0.016,0.016,11000,0,4166.667,1700,0,5866.667,893
72922202,9,2,4,7,0.024,0.024,20000,0,15833.33,1916.667,0,17750,893
72922301,5,9,4,1,0.425,0.425,12000,0,0,0,3725.833,3725.833,752
72922302,10,9,1,6,0.526,0.526,36000,6666.667,0,0,4637.5,11304.17,752
72922401,10,9,4,1,1.652,1.652,25000,0,0,6466.667,19112.5,25579.17,423
72922402,5,9,4,1,1.458,1.458,22000,0,0,3200,17075,20275,423
72922501,5,9,1,1,2.888,2.888,20000,0,0,0,20254.17,20254.17,611
72922502,3,9,4,1,2.074,2.074,15000,0,0,3600,14429.17,18029.17,611
72923201,8,2,4,7,0.012,0.012,9600,0,11783.33,816.6667,0,12600,1311
72923202,8,2,4,5,0.053,0.154,27500,0,38675,-1033.333,2779.167,40420.84,1311
72923301,4,9,4,1,0.822,0.822,12000,0,4500,6816.667,8362.917,19679.58,138
72923401,4,9,4,1,1.029,5.889,16000,0,4500,4533.333,23138.5,32171.83,322
72923403,8,2,4,1,0.032,1.045,19320,0,0,7750,2767.75,10517.75,322
72923501,3,9,4,1,2.365,2.365,19817,0,0,6366.667,20040.42,26407.08,690
72923502,5,9,4,1,3.26,10.145,26500,0,0,11750,70241.25,81991.25,690
72924201,6,3,2,1,0.032,0.113,12500,0,4416.667,4161.667,167.5,8745.833,137
72924202,6,3,2,5,0.332,0.028,16608,0,25000,-105,0,28895,137
72924301,6,2,2,1,0.336,0.336,10730,0,16791.67,950,7607.5,25349.17,76
72924302,5,2,2,8,0.336,0.336,9692,0,6216.667,691.6667,7377.5,14285.83,76
72924402,5,9,4,1,1.255,1.255,25508,0,0,10649.67,14088.67,24738.33,61
72924502,7,9,4,1,6.512,20.687,25883,0,0,253.3333,126216.7,126470,244
72925201,4,2,9,6,0.012,0.012,12000,0,2966.667,-973.3333,0,1993.333,7197
72925202,5,2,4,8,0.012,0.012,9867,0,8141.667,1866.667,0,10008.33,7197
72925301,3,2,4,1,0.721,0.721,9333,0,0,0,7599.5,7599.5,4376
72925302,4,2,9,1,1.049,1.049,16667,0,0,-123.3333,7049.167,6925.833,4376
72925401,4,2,4,1,1.239,0.632,15417,0,291.6667,2016.667,4961.333,13269.67,973
72925402,4,2,4,1,1.045,1.045,16167,0,0,3440,5365.583,8805.584,973
72925502,14,2,4,1,2.479,2.479,31833,0,0,5833.333,25432.5,31265.83,875
72926202,4,2,4,4,0.008,0.049,10887,5750,1833.333,486.6667,260.8333,8330.833,2321
72926301,5,9,4,3,0.506,0.506,12042,4916.667,0,3246.667,6310,14473.33,119
72926302,8,9,4,1,1.008,1.008,23417,0,10250,5655,5039.833,20944.83,119
72926401,4,9,4,1,1.231,1.231,10862,0,0,0,18130.83,18130.83,89
72926402,4,9,4,1,1.114,1.114,12405,0,0,5740,7225.75,12965.75,89
72926502,6,9,4,1,2.106,2.106,18453,0,0,3146.667,20047.25,23193.92,357
72927201,6,2,4,7,0.012,0.012,7000,0,7583.333,4333.333,0,11916.67,3536
72927202,3,2,4,8,0.012,0.012,6167,0,12841.67,3180,0,16021.67,3536
72927301,6,9,4,1,0.421,1.231,12000,0,0,4300,4106.167,8406.166,612
72927302,5,9,4,5,1.231,2.851,15217,0,31750,3780,10191.25,45721.25,612
72927401,3,9,4,1,0.83,0.83,12000,0,0,9053.333,7481.5,16534.83,204
72927402,10,9,4,1,1.669,5.719,25033,0,0,3166.667,19358.83,22525.5,204
72927501,4,9,4,1,2.487,2.487,16000,0,0,15306.67,22306.33,37613,1360
72927502,5,9,4,1,1.863,5.508,20000,0,0,-833.3333,29324.58,28491.25,1360
72928201,6,2,1,7,0.004,0.004,8000,0,10083.33,666.6667,0,10750,5928
72928202,5,9,4,9,4.909,0.109,16353,0,0,1456.667,-10.41667,98946.25,5928
72928301,9,2,1,1,0.417,0.822,12317,0,4958.333,1710,10891.58,17559.92,1359
72928302,3,9,4,1,0.134,0.514,10058,0,0,1750,5258.333,7008.333,1359
72928401,5,9,4,1,1.045,1.045,16608,0,0,6650,12716.58,40199.92,618
72928402,5,9,4,1,1.029,1.029,12883,0,0,2562.667,8761.333,11324,618
72928501,5,2,1,1,2.037,2.037,13158,0,0,2846.667,8015.833,10862.5,865
72928502,3,2,4,1,0.822,2.847,12775,0,0,3000,8908.75,11908.75,865
72929201,6,9,4,1,0.94,2.56,21075,0,0,5883.333,25019.67,30903,1449
72929202,4,2,4,7,0.016,2.446,10858,0,2000,1450,14488.33,17938.33,1449
72929301,7,3,4,1,0.332,0.332,15033,0,15925,0,3794.5,19719.5,966
72929302,4,2,4,1,0.761,0.761,25183,0,0,8750,6736.833,15486.83,966
72929401,4,9,4,6,1.64,0.02,22500,0,37966.67,3666.667,0,58300,1035
72929402,6,9,1,1,1.632,1.632,12471,0,0,0,17874.67,17874.67,1035
72929502,5,9,4,1,1.855,1.855,20600,0,0,1666.667,15020.75,16687.42,9384
72932201,1,3,4,1,0.024,0.024,5800,0,0,4200,0,4200,41
72932202,4,3,4,6,0.016,0.016,9500,0,9000,3383.333,0,12383.33,41
72932301,4,3,4,1,0.591,0.591,9050,0,0,0,8116.167,8116.167,182
72932302,4,3,4,1,0.437,0.437,12500,0,0,5900,6043.167,11943.17,182
72932401,5,9,4,1,1.458,1.458,15500,0,0,8366.667,19446.08,27812.75,256
72932402,6,3,4,1,1.247,1.247,18167,0,16500,9466.667,15727.75,41694.42,256
72932501,5,9,4,1,2.049,2.049,15000,0,0,3666.667,23090.25,26756.92,165
72932502,12,3,4,1,4.099,4.099,35583,0,5400,16896.67,59567,81863.66,165
72933102,5,2,4,8,0.85,0.85,20000,0,6000,0,9191.667,15191.67,11
72933201,4,2,4,1,0.243,0.243,10000,0,0,5566.667,2483.667,8050.333,89
72933202,2,2,1,1,0.364,0.364,7000,0,0,783.3333,4120.833,4904.167,89
72933301,6,2,4,1,0.648,0.648,15000,0,0,1716.667,8725,10441.67,29
72933302,3,2,1,1,0.587,0.587,10000,0,0,1433.333,6162.5,7595.833,29
72933303,4,2,1,1,0.77,0.77,16000,0,0,2566.667,9075,11641.67,29
72933304,3,2,1,1,0.567,0.567,9000,0,0,700,8159.667,8859.666,29
72933401,2,3,4,1,1.478,1.478,6000,0,0,33.33333,26727.58,26760.92,11
72933402,5,2,4,1,1.276,1.276,12000,0,0,0,14800,14800,11
72937201,4,2,4,9,0.085,0.085,13150,0,0,5483.333,3684.167,9167.5,5352
72937202,7,2,4,7,0.024,0.024,12500,0,18291.67,5400,0,23691.67,5352
72937301,6,2,4,1,0.632,0.632,15000,0,0,4183.333,9084.417,13267.75,18487
72937302,4,2,4,1,0.526,0.526,12200,0,0,15400,7323.333,22723.33,18487
72937401,4,3,1,1,1.041,1.041,12125,0,0,4183.333,16497.58,20680.92,8271
72937402,5,2,4,1,1.555,1.555,15200,0,0,4833.333,23521.67,28355,8271
72937501,5,2,4,1,2.466,2.466,16250,0,0,10700,36732.83,47432.83,9730
72937502,9,2,4,1,4.099,4.099,28500,13333.33,0,11000,58410,82743.33,9730
72970201,5,2,4,7,0.016,0.016,10050,0,8541.667,5433.333,0,13975,1824
72970202,6,2,1,7,0.024,0.024,15500,2100,12000,4550,0,18650,1824
72970301,4,9,4,1,5.771,0.911,21250,0,0,5233.333,9429.5,74662.83,528
72970302,3,9,4,1,0.944,0.437,12083,0,7000,2416.667,8011.667,20286.67,528
72970401,4,9,4,1,1.66,1.66,20000,0,0,7133.333,21556.92,28690.25,720
72970402,3,9,4,1,1.037,1.037,14833,0,0,500,15791.92,16291.92,720
72970501,5,9,4,1,4.917,4.917,25000,0,0,7696.667,51553.75,59250.42,2352
72970502,9,9,4,1,6.557,6.557,29250,0,0,3583.333,85670.84,89254.17,2352
72971102,6,2,4,1,0.494,0.494,16849,0,9000,2466.667,4062,15528.67,167
72971201,5,2,4,6,0.13,0.13,7392,0,9650,86.66666,962.75,10699.42,56
72971202,4,2,4,6,0.045,0.045,10967,0,10000,0,274.8333,10274.83,56
72971301,5,2,4,4,0.506,0.506,14633,34333.33,0,7083.333,4060.833,45477.5,167
72971302,9,3,4,6,0.551,0.875,25433,0,39833.33,7253.333,6690.083,53776.75,167
72971401,8,2,4,1,1.045,1.693,25375,0,16333.33,4750,7709.583,28792.92,111
72971501,4,3,4,1,4.941,4.941,21242,0,0,11210,35549.42,46759.42,93
72971502,6,2,4,1,0.174,2.843,11958,0,0,-2533.333,2126.5,2176.5,93
72972102,4,3,4,1,2.462,2.462,11850,0,0,0,19545.42,19545.42,2091
72972201,4,3,4,6,0.101,0.101,14200,0,12000,3166.667,906.5,16073.17,2373
72972301,6,9,1,1,1.049,1.049,20000,0,0,500,6660.417,7160.417,1978
72972302,4,3,4,6,0.826,2.041,14000,0,6000,8900,8955.833,23855.83,1978
72972401,6,3,4,1,1.045,1.045,12000,0,0,1266.667,5075,6341.667,622
72972402,5,3,4,6,1.806,1.806,24500,0,40000,9300,14340.83,63640.83,622
72972501,8,9,1,1,4.491,4.491,31700,0,0,33000,24219.17,57219.16,226
72972502,6,3,4,1,0.628,2.045,27667,0,0,9546.667,10117.92,19664.58,226
72973201,6,9,4,1,2.049,2.049,17533,0,0,0,12987.5,27987.5,4436
72973202,4,3,4,6,0.016,0.016,19000,0,9000,4466.667,0,13466.67,4436
72973301,7,9,4,1,0.632,0.632,24000,0,0,6833.333,6550,13383.33,887
72973302,5,9,2,6,0.62,0.62,25033,0,30000,0,5966.25,35966.25,887
72973401,4,9,4,1,0.008,0.344,21000,0,0,0,3099.167,3099.167,887
72973402,4,9,4,1,1.037,0.36,10900,0,0,0,3099.167,3099.167,887
72973501,4,9,4,1,2.033,2.033,16000,0,0,0,20354.17,20354.17,887
72973502,10,9,4,1,1.256,3.686,30000,0,0,-620,19180,18560,887
72974201,3,9,4,1,0.016,0.219,9000,0,4666.667,3800,1226.667,9693.333,1793
72974202,4,9,4,1,0.008,0.616,11000,0,2000,1346.667,3960.833,7307.5,1793
72974301,6,3,4,1,1.025,1.025,14833,0,0,3513.333,9432.5,12945.83,777
72974302,1,9,1,1,0.822,0.822,3000,0,0,0,9202.5,9202.5,777
72974401,5,9,4,1,0.648,1.458,11333,0,0,3600,12780,16380,359
72974402,3,9,1,1,1.231,1.231,20000,0,0,11666.67,13683.33,25350,359
72974501,5,9,4,1,2.037,2.037,13000,0,0,3200,24098.33,27298.33,2510
72974502,4,9,4,1,2.045,2.045,21000,0,0,0,24891.67,24891.67,2510
72975101,3,9,4,6,0.101,0.101,10000,0,7250,1186.667,0,8436.667,360
72975201,2,9,4,9,0.122,0.122,10000,0,0,2220,254.1667,2474.167,79
72975202,6,2,4,2,0.061,0.061,18000,0,0,6833.333,0,6833.333,79
72975301,5,9,4,1,0.871,0.871,15000,0,0,6310,8649.917,14959.92,203
72975302,4,9,4,1,0.433,0.433,12000,0,0,3066.667,1512.5,4579.167,203
72975401,5,9,4,1,1.701,1.701,25000,0,0,2083.333,19551.5,21634.83,34
72975402,5,9,4,1,1.041,1.041,20000,0,0,4700,9243.417,13943.42,34
72975501,5,9,4,1,4.074,4.074,25000,0,0,4233.333,36520.83,40754.16,304
72975502,3,9,4,1,2.875,2.875,15000,0,0,0,36937.92,36937.92,304
72976201,6,2,4,6,0.041,0.041,12600,0,2083.333,3840,0,5923.333,7076
72976202,7,2,4,1,0.417,0.417,15000,0,0,7073.333,3750,10823.33,7076
72976301,6,9,4,1,0.522,0.522,14000,0,1333.333,2186.667,5398.333,8918.334,2498
72976302,6,9,4,1,0.628,0.628,12000,0,0,1006.667,7737.5,8744.167,2498
72976401,4,2,4,1,0.012,1.227,12000,0,0,5666.667,10114.17,15780.83,278
72976402,4,9,4,1,1.863,1.863,16500,0,0,1986.667,18230,20216.67,278
72976501,4,9,4,1,2.446,2.446,20000,0,0,6816.667,28608.33,35425,1388
72976502,5,9,4,1,2.053,4.888,16300,0,0,3066.667,29616.25,32682.92,1388
72977201,6,3,1,4,0.109,0.109,15667,30000,125,1833.333,476.6667,32435,5822
72977301,3,9,4,1,0.826,0.826,12000,0,0,24186.67,8184.167,32370.83,4544
72977302,5,9,4,9,0.85,0.952,20667,0,18000,5500,8148.333,31648.33,4544
72977401,6,9,4,1,1.64,1.64,18250,0,0,21346.67,17463.75,38810.41,1704
72977501,6,9,1,1,6.909,6.909,24250,0,0,8900,24402.5,33302.5,710
72977502,6,9,4,1,1.66,1.66,23500,0,0,15720,15764.17,31484.17,710
72978201,4,2,4,4,0.012,0.012,7600,7733.333,0,16.66667,0,7750,3611
72978202,2,9,1,9,1.64,0.02,11250,0,10000,2400,0,22400,3611
72978301,5,9,4,1,2.483,0.255,24500,0,6000,-856.6667,2043.333,31936.67,1445
72978302,5,9,4,1,0.826,1.029,19417,0,0,4600,12792.5,17392.5,1445
72978401,6,9,4,1,1.446,1.446,26333,0,0,3333.333,16080.83,19414.17,1685
72978402,4,9,4,1,1.264,1.264,25950,5800,0,0,14234.17,20034.17,1685
72978501,5,9,4,1,2.665,4.082,20250,0,0,6566.667,46649.67,53216.34,3371
72978502,5,9,4,6,2.888,2.888,33500,0,60000,13000,31666.67,104666.7,3371
72979201,7,2,4,8,0.012,0.032,10083,0,10000,3000,33.33333,13033.33,5376
72979202,4,2,4,8,0.008,0.008,9800,2666.667,12000,3900,0,18566.67,5376
72979301,8,9,4,1,0.016,0.421,20067,0,26166.67,11966.67,2907.083,41040.41,489
72979302,4,9,4,1,0.931,0.931,12100,0,0,2683.333,9386.5,12069.83,489
72979401,5,9,4,1,1.438,1.438,18767,0,16000,1440,17182.42,34622.41,1173
72979402,6,9,4,1,1.66,1.66,35750,0,0,-1666.667,17004,15337.33,1173
72979501,5,9,4,1,1.013,7.088,28417,0,0,4406.667,19373.58,23780.25,2053
72979502,7,9,4,1,4.131,4.941,29333,0,3450,13050,71569.66,88069.66,2053
